CRITICAL	PF-01	Concurrent distinct requests spend/refund the same remaining balance twice	M13-FR-01, M13-FR-03, M17-FR-01, M17-FR-03, M17-FR-04 · confirmed_code_gap	runtime-reproduced; real API harness + InMemoryEventStore, not PostgreSQL	Make read-check-append atomic per original sale/instrument/customer using DB lock or expected-version compare-and-append; transaction must cover the authoritative read. Add concurrent distinct-key integration tests on PostgreSQL and retry-conflict handling.
CRITICAL	PF-02	A typed staff or manager identifier is treated as identity/approval	M12-FR-04, M13-FR-03, M14-FR-01 · confirmed_code_gap	runtime-reproduced for arbitrary staff ID and named-but-nonparticipating cloud approver; offline UI confirmed by source	Bind till operator to verified offline-capable credentials; consume a separate authenticated, transaction-bound manager approval (amount/refund hash, expiry, one-use). Keep later sync flags for facts already committed.
CRITICAL	PF-03	Age-restricted scan result is ignored before payment	M12-FR-04 · confirmed_code_gap	runtime-reproduced using real bootPos, plus served-handler source	Require/retain answered restriction state in the basket and enforce it again at commit; wire the bilingual age prompt to that state, including quantity changes and supervisor evidence.
HIGH	EA-01	Cloud dashboard labels its read time as source freshness	M29-FR-01, M29-FR-03, D13, P-08 · confirmedgap	Static defect plus isolated probe: an 08:00 sale is reported at 16:00 asAt=16:00/live; adapter has no source-sync freshness input. Sale age itself is not asserted to equal sync age.	Pass last successful complete source-sync time per branch/domain into reportingAdapter. Mark missing/lagging/stale from that watermark and test a store trading during a long cloud disconnection.
HIGH	EA-02	Split tenders are reported entirely under the largest payment type	M29-FR-01, D04, D13 · confirmedgap	Executed isolated reportingAdapter probe reproduced ₹300 card and absent ₹50 cash; existing unit test lines72–82 explicitly expects misattribution.	Aggregate each tender amount by kind, preserving payment mix and balancing to captured totals. If a primary-tender basket statistic is desired, label it separately. Replace the current split-payment expectation with monetary reconciliation assertions.
HIGH	EA-03	Consolidation trusts a caller-selected branch scope	M01, M29-FR-01, M29-FR-02, D13, SEC-02 · confirmedgap	Executed existing authenticated API harness: signed branchId br1 + grant [br1], no scope returns both br1 and br2 with200; scope=br2 returns br2 with200.	Derive allowed branch scope server-side from the authenticated role grants; intersect requested filters with that scope and reject forbidden scope. Add a real-API test with a branch-limited manager, not an owner simulating scope.
HIGH	EA-04	Company report screen/export is only connected to the test backend	M01, M29-FR-02, D13, M30-FR-02 · confirmedgap	Isolated real API harness returns404 for /consolidation and /v1/consolidation/export. Repository route search finds no production export endpoint or rewrite; browser test itself implements them.	Wire the page to the production route via the established authenticated port and implement the authorised export endpoint using exportDomain. Replace the simulated-backend browser proof with the actual API and seeded contributions.
HIGH	FUL-01	Production commits and quality releases do not move ordinary inventory	M11-FR-01, M11-FR-02, M11-FR-03 · confirmed_code	Executed isolated authenticated API harness: run201 and release200; before and after availability both FLOUR500/SUGAR300; CAKE absent. In-memory store, not a PostgreSQL concurrency proof.	Atomically persist ingredient consumption, quarantined output and QC release to the existing inventory/batch/valuation truth; remove private prior-consumption subtraction once common stock carries it. Prove receive ingredients → make → hold/release → POS sale → trace/valuation on the real stack.
HIGH	FUL-02	Reservation command oversells concurrent requests and duplicate lines	M18-FR-02, M20-FR-02 · confirmed_code	Executed harness: stock LAST1 produced two fully promised orders with two holds; MILK5 plus duplicate4+4 lines promised8 but stored only hold4.	Normalize or reject duplicate products; make check-and-reserve atomic under a tenant/location/product lock or compare-and-append version check, including placed order and payment linkage. Add a real PostgreSQL concurrent-last-unit regression.
HIGH	FUL-03	Customer checkout trusts client payment and omits server price/serviceability/slot verification	M20-FR-03, M18-FR-01, M18-FR-03, M18-FR-04 · confirmed_code	Executed harness: arbitrary token tok_made_up with amountMinor1 returned authorised, paidMinor1; subsequent staff confirm returned200. No live provider was contacted.	Build a server-authoritative quote/reservation/slot record, bind provider intent and verified provider outcome to that quote/order, and keep test-mode credentials visibly gated. Provider onboarding is external; validating untrusted input and implementing the command boundary is finishable code.
HIGH	FUL-04	Desk packing can bypass cold-chain controls and dispatch a nonexistent order	M19-FR-02 · confirmed_code	Executed harness: frozen line without temperature refused under defaults, accepted with rules:[], then dispatched200 with no temperature readings and no existing OMS order.	Load ordered/reserved/picked lines and product handling/limits from authoritative stores; accept physical observations only. Reject request-supplied safety rules and unknown orders; use the same policy resolver in desk and wave paths.
HIGH	FUL-05	OMS, packing, delivery and common stock are still separate progress records	M18-FR-01, M18-FR-02, M19-FR-02, M19-FR-03, M19-FR-04, M20-FR-03 · confirmed_code	Static composition inspection; no connected full commerce-to-doorstep PostgreSQL test found. Phantom dispatch accepted in FUL-04 reproduction.	Add one idempotent fulfilment application command/outbox that advances OMS from authoritative pack/door outcomes and posts stock/reservation/financial effects once; customer tracking must re-read own order. Cover partial, failed/RTO and COD remainder without rebuilding engines.
HIGH	FUL-06	Customer privacy controls report success without saving to the shop	M16-FR-02, M16-FR-03, M20-FR-04 · confirmed_code	Executed bootShop reproduction: setConsent succeeds, fresh boot resets grant; raise returns received message/reference/due date with no transport or persistence.	Add customer-self-scoped consent and rights APIs, pass session identity server-side, await durable acknowledgements, re-read actual saved state, and show failed/offline action honestly. Test withdrawal then campaign and raised request appearing in DPO queue.
HIGH	FUL-07	Customer app ignores the shop’s shortage and payment answer after HTTP success	M18-FR-02, M20-FR-02, M20-FR-03 · confirmed_code	Static source inspection: exact branch discards server fields and calls keep(dry.state).	Reconcile client state from server-authoritative response; show shortages and require customer decision before final confirmation/charge. Test stale cached availability with zero stock at checkout.
HIGH	GT-01	Browser and performance suites are outside every required CI/release job	QG-02, QG-03, QG-04, QG-05 · ci_gap	Source inspection; no separate runtime reproduction claimed.	CI on the exact merge SHA runs nonzero browser and performance tests, uploads per-suite results, and fails if required capabilities are absent.
HIGH	GT-02	Migration rollback reports performed without performing or persisting rollback	MG-11, QG-08, QG-12 · false_completion	Source inspection; no separate runtime reproduction claimed.	A click cannot show performed before execution evidence; unavailable legacy prevents successful confirmation; outcome survives reload and sync; rehearsal restores service and reconciles data.
HIGH	GT-03	Caller-supplied gate booleans override authoritative failed or absent evidence	MG-06, MG-10, MG-11, QG-07, QG-12 · code_gap	Source inspection; no separate runtime reproduction claimed.	A forged all-green body cannot override open server totals/differences or missing rollback; only current signed records and authenticated owner action allow GO.
HIGH	GT-04	Delta API counts changes as applied without applying any domain effect	MG-09, QG-07 · code_gap	Source inspection; no separate runtime reproduction claimed.	Post a known delta, read changed stock/money from its domain, retry under a new HTTP idempotency key and after process restart, verify one effect and retained source identity.
HIGH	GT-05	Full migration scope exceeds the actual loader; opening API is only an event builder	MG-05, MG-07, MG-08, QG-07 · scope_completion	Source inspection; no separate runtime reproduction claimed.	A full-volume fixture with every approved domain migrates and reads back, history/attachments retain identity, openings reconcile by location/batch/account, interrupted reruns double nothing.
HIGH	GT-06	Supplier import discards name and GSTIN and creates only portal configuration	MG-03, MG-05, M06-FR-01 · code_gap	Source inspection; no separate runtime reproduction claimed.	Import a supplier with name/GSTIN, read it through supplier master and select it on a purchase order; rerun retains one supplier, malformed/duplicate identity is refused visibly.
HIGH	GT-07	Backup dump and reconciliation manifest are taken from different database moments	QG-08, MG-02, M35-FR-01 · code_gap	Source inspection; no separate runtime reproduction claimed.	Append transactions concurrently with backup; restore into an empty isolated target; manifest counts/money match the exact snapshot and latest durable boundary is stated.
HIGH	PA-01	Branch permissions are checked against the token branch, not the target records	M01-FR-01, M02-FR-02, M25-FR-01 · confirmed_gap	Executed synthetic real API pipeline: branchRead=200 with BR-B pay rate; branchWrite=200. Repro output fields branchRead/branchWrite. EA-03 independently proves same boundary defect on consolidation.	Resolve resource branch/department on server and enforce permitted scopes before reads or writes; omitted filters must narrow to allowed scopes, never widen to whole tenant. Add cross-branch read/write/direct-ID/restart regressions.
HIGH	PA-02	Joiner/mover/leaver route reports applied without applying access changes	M02-FR-04, M25-FR-01 · confirmed_gap	Executed: leaverDecision=200 applied:true, grants:[], closeSessions:true; subsequent leaverStillAuthorized=200. Existing lifecycle tests assert the returned decision only.	Make lifecycle a durable command with server-read current grants/open items; append replacement/revocation events, close sessions through existing denylist, publish priority revocation, and prove same token/new session denied after restart.
HIGH	PA-03	Several completed controls still accept typed names as evidence of a second person	M02-FR-02, M02-FR-03, M26-FR-03, M26-FR-04, M31-FR-01 · confirmed_gap	Executed: fabricatedFacilitiesVerification=200 with two unprovisioned names; fabricatedGrantApproval=201 with nonexistent requester and no second action; fabricatedTemplateApproval=201 with unprovisioned author/reviewer. Source confirms facility incident closer body trust.	Use immutable pending objects/versioned approval requests; derive maker/checker from separate authenticated acts and server-side grants/value scope. Refuse actor fields or treat them as descriptive only. Test identity spoofing against each sensitive route family.
HIGH	PA-04	Branch lifecycle is only a what-if decision and structural activation has no owner approval workflow	M01-FR-01, M01-FR-04 · confirmed_gap	Confirmed by route implementation and deps: evaluate is non-mutating, caller supplies readiness/state/approval. Not executed as a live closure.	Keep evaluate explicitly a preview. Add governed transition command that reads real balances/sync state, obtains separate owner approval, persists transition and revokes branch access; test stock/nonzero/sync holds and post-close denial.
HIGH	PA-06	Full cloud-to-store pack delivery and person-bound screen context remain unfinished	M01-FR-03, M02-FR-01, M02-FR-02, M25-FR-02, M33-FR-02 · confirmed_gap	Source confirmed; current STATUS expressly schedules DF-2 synthetic full demo pack and DF-3 product pack delivery. General pack reader does no signature/tenant/version-expiry validation. Distinct from signed catalogue pack, which exists. Screen server defaults loopback; hosted demo has separate sign-in gate, so this is NOT a claim of public unauthenticated access.	Finish already-authorized DF-2 then DF-3 without duplicating current feeds. Publish authenticated tenant/branch-bound sections with signed version/expiry, atomic activation/rollback, freshness and revocation. Bind every served operator view and cached offline identity to authenticated person; test two people on same device and refresh/revoke/restart.
HIGH	PA-07	Cold-room breach reports holdStock but does not create the inventory quality hold	M26-FR-02, M10-FR-02 · confirmed_gap	Source/call-site search confirmed assessEquipment used only by the GET assessment route. No live hardware checked. No claim that manual M10 holds fail.	Create an idempotent breach-to-quality-hold command/workflow for actual equipment contents; prove every affected batch becomes unavailable to sale/dispatch and requires governed release, preserving readings as evidence. IoT credentials are separate from this buildable join.
HIGH	PA-08	Notification queue is not a consent-enforced deliverable message, and outbound workers remain missing	M31-FR-03, M31-FR-04, M32-FR-02, M32-FR-04 · confirmed_gap	Executed notificationWithoutConsent=201 by sending only channel:whatsapp. No message sent. Source verifies no recipient/content/consent data in event. Provider credentials/UAT remain external gates after worker wiring.	Persist a full notification intent, server-resolve recipient/approved template/current consent and budget on enqueue and before delivery, then add provider-neutral worker with stub transport, idempotent receipts/backoff/dead-letter ownership. Certify real providers after technical proof.
HIGH	PA-12	Off-site immutable recovery and real store-device recovery remain unverified	M35-FR-01, M35-FR-02, M35-FR-03, M35-FR-04 · external_gate	Repository evidence only; no production host, backup bucket, keys or real device touched. Backup scripts and prior recovery reports are reused evidence, not newly executed proof.	Before real data: owner selects destination/custodians; operator configures immutable off-site replication and verifies restore on spare store machine/cloud target with RPO/RTO/control totals. Wire backup success/failure and lane signals to durable health/alert delivery and demonstrate named owner receives/escalates.
HIGH	PF-04	Receipt reservation cursor resets and served till has no durable range handoff	M12-FR-02, M01-FR-02 · confirmed_code_gap	runtime-reproduced cursor reset; missing edge injection confirmed by repository search	Allocate receipt and immutable sale identity on durable edge storage, retain allocation state on reload and bind allocation to committed/cancelled evidence. Provision range through real screen data; test restart, two tabs, failed write and exhaustion.
HIGH	PF-05	Suspend/recall on served till is only an in-memory state switch	M12-FR-02 · confirmed_code_gap	runtime-reproduced with real bootPos	Persist parked basket including prices/promotion/identity locally, restore it after reload, and apply existing cross-lane recall policy. Add actual served Hold→reload→Recall→sale proof.
HIGH	PF-06	Electronic tender capture is not connected to durable provider evidence or recovery	M12-FR-03, M14-FR-03, M23-FR-03, D04-FR-02 · confirmed_code_gap	runtime-reproduced no-answer creates zero durable records; rest source-confirmed	Capture provider token/reference and idempotent attempt before authorization; persist uncertain/declined/resolved states, recover through provider adapter and settle exactly once. Adapter wiring and durable inbox are code work; actual acquirer credentials/certification are external gates.
HIGH	PF-07	Till void evidence disappears and broad LP evaluation is a supplied-data what-if	M15-FR-01, M12-FR-04 · confirmed_code_gap	runtime-reproduced void reason absent; source-confirmed missing operational detector join	Append durable void/override/no-sale events, sync them, run rules from the authoritative event stream and route raised exceptions to owner/case inbox. Preserve the what-if endpoint as a clearly labelled preview.
HIGH	PF-08	Cash close still has authority/integration gaps outside the corrected till path	M14-FR-02, M14-FR-04 · confirmed_code_gap	source-confirmed; no day-close runtime reproduction in this subaudit	Add authoritative open-shift and complete-settlement gates; retire/restrict the direct shift route or derive its cash inputs/identity/policy server-side. Prove open shift blocks day-close and caller cannot invent a zero variance.
HIGH	PF-09	Loyalty oversight E2E does not prove the sale-to-loyalty or tender journey	M17-FR-01, M17-FR-02, M17-FR-03, M17-FR-04, M12-FR-03 · confirmed_code_gap	source-confirmed missing joins; tier/expiry/membership whole lifecycle is an evidence gap, not claimed absent engine	Connect optional customer identity and policy-based earn/burn/reversal to real committed sale/return with durable idempotent effects; implement store-credit/split tender operator paths; prove a connected sale→value→return→liability flow after PF-01.
HIGH	PF-10	CRM campaign frequency, approval and send-status workflow remains partial	M21-FR-01, M21-FR-02 · confirmed_code_gap	source-confirmed	Join stored template approvals and recipient frequency history, enqueue approved planned recipients, recheck withdrawal immediately before send, capture delivery callbacks. Keep provider access as a separate external gate.
HIGH	PF-11	Compensation grant is recorded as a case fact without fulfilment into money/value records	M21-FR-03 · confirmed_code_gap	source-confirmed	Separate approval from execution, bind genuine second-person approval, fulfil through existing domain ports once and record pending/completed/failed status with compensating recovery.
HIGH	PF-12	Finance close/connector completion needs code wiring as well as outside credentials	M23-FR-02, M23-FR-03, M23-FR-04 · confirmed_code_gap	runtime-reproduced close refusal; source-confirmed unwired close and purchase-tax shape	Persist imported independent evidence with provenance and join close to it; add purchase tax/ITC capture/reconciliation; deliver actual Tally outbox adapter/drain with replay proof. CA mapping, real Tally company/licence, bank statement and live GST credentials remain external gates.
HIGH	PF-13	Concession approval/expiry decisions do not guarantee a pre-sale block	M27-FR-01, M27-FR-04 · confirmed_code_gap	runtime-reproduced API mismatch; missing till enforcement source-confirmed	Bind contract approval to actual second-person action; carry approved current trading decision in store pack and block new counter transactions before money, while preserving offline already-happened facts with a durable exception. Add expired/insurance-lapsed served-till proof.
HIGH	PF-14	Return disposition/lot trace is not complete through the served sale and stock write	M13-FR-02, M12-FR-01 · confirmed_code_gap	source-confirmed	Carry captured batch/expiry/serial through sale and receipt lookup; route non-resell returned quantities to governed quarantine/damage/scrap inventory state with linked return and disposition event.
HIGH	SF-01	The screen's saved price and launched offer do not update the executable trading registers	M05-FR-01, M05-FR-02, M05-FR-03, M05-FR-04 · confirmed-code-gap	store-flow-results.json case screen_price_and_promotion_writes_do_not_update_executable_registers: price POST 201 with verdict ok, effective list entries 0; offer launch 201 launched:true, executable promotions 0.	Make the existing screen action produce governed operative price entries or approved promotion definitions/activation, then one connected screen→pack→sale assertion. Retain the audit records, but do not build another pricing engine.
HIGH	SF-02	Successive partial receipts are checked against the original order, allowing cumulative over-receipt without excess approval	M06-FR-04, M07-FR-01, M07-FR-03 · confirmed-code-gap	PO100; GRN60 + second GRN60: both 201; second 60 all sellable, heldMinor0, incorrectly short40; PO received120 and openQty -20.	Calculate remaining authorized quantity per PO/product before each receipt, retain original quantity separately, and atomically guard the remaining-quantity version. Regress 60+40,60+60,cancelled remainder and simultaneous receipts.
HIGH	SF-03	Transfer availability invents a named batch's stock from the whole product total	M08-FR-01, M08-FR-02, M09-FR-03, M10-FR-03 · confirmed-code-gap	Seed batch A10 and B90 for the same product; request50 of A. Dispatch200 says A has100 and sends50.	Supply transfer availability from a single authoritative batch/state/reservation-aware projection and validate UOM against product master; preserve existing transfer postings. Add batch split/unknown lot/reserved/expired tests.
HIGH	SF-04	Two different transfers can concurrently spend the same stock	M08-FR-02, M08-FR-03, M09-FR-03 · confirmed-code-gap	Real API in-memory harness Promise.all dispatches70+70 against100; both200, source onHand -40; two transit records70.	Put stock validation and conditional append under one per-source stock concurrency control or aggregate expected-version check; one transfer succeeds and the other becomes a named conflict.
HIGH	SF-05	A caller can declare a valuable write-off to be worth zero and bypass material-loss controls	M28-FR-01, M08-FR-03 · confirmed-code-gap	Seed100 units at5000paise each (₹5,000). Manager writes all100 off with valueMinor0, no approver/evidence:201, requiredApproval:false, onHand100→0.	Derive loss value from server-held stock cost and quantity; unknown cost stays a held/valued exception. Require an actual second-person decision for material loss. Regress supplied-zero value.
HIGH	SF-06	Generic import reports rows applied but only stores an import job; approval and validation authority are client supplied	M30-FR-01, M30-FR-03, M30-FR-04, M03-FR-04 · confirmed-code-gap	A manager submits one product row with unprovisioned-ghost approval:200 committed:true rowsApplied1; product-master reader returns0 products.	Registry-bind supported templates to actual domain commands, server references and durable checker decisions; apply target events atomically with job receipt. Expose only genuinely supported domains. Implement compensating rollback before claiming FR-04 complete.
HIGH	SF-07	Receiving does not feed the cold-chain rule into the engine that requires temperature evidence	M07-FR-02, M10-FR-02 · confirmed-code-gap	Synthetic chilled catalogue fixture, batch-tracked, future expiry and no temperature: productRule only batchTracked; receipt201 and all10 sellable. Fixture includes an extra coldChain property to show it is ignored; static handling/master→rule omission is the main evidence.	Resolve receiving rules directly from authoritative product handling/limits, require evidence and connect breach to hold/incident. Keep unknown handling explicitly held or exception-gated, not silently ambient.
HIGH	SF-08	Batch recall/quality governance is not joined to the offline sale block through catalogue publication	M10-FR-02, M10-FR-04, M08-FR-02 · confirmed-code-gap	Source inspection; no separate runtime reproduction claimed.	Join open recalled/held lots to the executable block set with priority delivery and an explicit acknowledgement/staleness policy; prove initiate in UI→new signed pack→offline scan refused. Do not reimplement existing recall CRUD.
MEDIUM	EA-05	Drill-through reconciles caller-supplied rows instead of immutable source records	M29-FR-02, D13, NFR-15 · confirmedgap	Source review; integration fixture sends its own transactions/headline and branchScope. No stored-sale provenance is exercised in that test.	Accept a governed metric/report ID, period and filters; load source rows and headline server-side and derive scope from grants. Retain the pure calculator separately if useful.
MEDIUM	EA-06	The report hub has 17 named report producers still unimplemented	M29-FR-01, D13 · confirmedgap	Static catalogue count28 minus PRODUCED11 yields17. Isolated adapter probe shows figures(tenant,"profitability") exactly equals dashboard.	Prioritise store-core missing report producers, register each in PRODUCED only when it returns governed source rows. Dispatch cloud named reports explicitly; refuse unavailable/unknown names instead of returning unrelated sales data.
MEDIUM	EA-07	Automatic daily brief still lacks an operational producer and scheduler	M29-FR-04, A01, D13 · confirmedgap	Code search across services/apps/edge/scripts finds route definitions but no non-test caller/worker for brief-schedule/due or brief build. External provider activation remains separately gated.	Build a scheduled worker using tenant trading calendars and actual governed figures, an outbox with delivery acknowledgements/retries, then bind the selected phone transport. Prove three scheduled days and no-AI fallback.
MEDIUM	EA-08	Three named AI agents have no agent-run implementation; live model governance is not yet exercised	A01, A02, A04, AI-NFR-01, AI-NFR-08, AI-NFR-10 · confirmedgap	Switch implements A03/A05/A06/A07/A08/A09/A10 then return[]. No callModel invocation in production services/apps/edge. AiRunCosted/AiProposalRaised are read but have no production append site found; current deterministic runs spend no provider money, so this is a readiness gap, not a demonstrated current paid overspend.	Wire each required remaining remit leg to existing domain readers; keep model-backed behavior gated. Before a provider is enabled, add server-owned cost admission/reservation, actual metering, immutable request/context/result audit, and evaluations against the selected model.
MEDIUM	EA-09	E2E labels for three AI inboxes cover a simulated cloud rather than one connected production stack	A06, A08, A10, QG-11 · evidencegap	Tests explicitly create Node stub servers and flip fixture responses after POST. Not a claim that the UI is broken; the completion evidence does not cover the full deployed chain.	Add one connected production-API/browser path per shared inbox mechanism, covering branch-scoped permissions, kill switch, restart and refreshed data. Record simulator/browser/API/UAT evidence separately in the maturity ledger.
MEDIUM	EA-10	Extension/workflow maturity evidence is stale and cannot drive a no-rework backlog	D01, D02, D03, D04, D05, D06, D07, D08, D09, D10, D11, D12, D13, D14, WF-01, WF-02, WF-03, WF-04, WF-05, WF-06, WF-07, WF-08, WF-09, WF-10, WF-11, WF-12, WF-13, WF-14, WF-15, WF-16, WF-17, WF-18, WF-19, WF-20 · evidencegap	Read all45 assigned ledger rows against current index/traceability and inspected newer connected-loop test design. The workflow contract explicitly requires nine scenario classes and stock/financial reconciliation; a full per-workflow scenario matrix was not verified here.	Refresh each D/WF entry against its acceptance matrix and the current connected tests, map every open gap to an existing issue/slice, and distinguish code work, evidence work, owner decisions and physical/provider gates. Do not rebuild existing engines because a summary row is old.
MEDIUM	FUL-08	Recipe edits silently collapse when the number of ingredients stays the same	M11-FR-01 · confirmed_code	Executed API edit flour100→150: response201; productionAdapter.recipe still reports flour100.	Use an explicit recipe version or digest over the complete approved recipe; return conflict for reused request key with changed payload. Preserve audit history and test same-shape ingredient edits.
MEDIUM	FUL-09	B2B WIRED label leaves required commercial workflows unimplemented or unjoined	M22-FR-01, M22-FR-02, M22-FR-03, M22-FR-04 · confirmed_code	Static route/dependency inspection and scoped searches for recurring B2B producer; negative findings require explicit acceptance mapping before claiming full FR coverage.	Complete one B2B order→reserve→dispatch→invoice→AR→collection vertical slice; then customer self-service order/payment and governed recurring schedules/commission derivation. Cross-check finance audit before assigning duplicate tickets.
MEDIUM	FUL-10	Customer360 still lacks governed identity merge and automatic behavioural facts	M16-FR-01, M16-FR-04 · confirmed_code	Static inspection plus repository search: no customer merge/reversal command located; segment fact producer is manual POST. Owner previously parked auto-population; honor that schedule without counting it complete.	Add governed customer identity/link/merge/reversal with household rules, then idempotent event-derived CRM facts including returns and corrections. Retain current engines and per-channel consent rule.
MEDIUM	FUL-11	Merchandising remains dependent on manually supplied planning and stock facts	M04-FR-01, M04-FR-02, M04-FR-03, M04-FR-04 · confirmed_code	Static composition inspection. Explicitly verified new indent raise code; older F08/replenishment-save issue is fixed, not reopened.	Finish DF-3 delivery of authoritative planning/stock sections; derive range-drop stock server-side, enforce the effective range at relevant ordering boundary, and reconcile display funding to finance. Update stale ledger text that says refill tasks are only computed.
MEDIUM	FUL-12	Erasure execution is still over simulated holdings, not actual customer records	M16-FR-03, M20-FR-04 · evidence_gap	Explicitly documented in source as simulated provider-neutral holding; legal approval and live-data authority are external gates, adapter wiring is software work.	Register real domain adapters and prove retention/minimisation/prevent-restore on synthetic data; obtain the owner’s authorisation for real data and legal confirmation of retention/processor policy before live execution.
MEDIUM	FUL-13	Production completion evidence covers a QC screen, not the full production staff workflow	M11-FR-01, M11-FR-02, M11-FR-03, M11-FR-04 · evidence_gap	Reviewed E2E source; test title and comments expressly say stub cloud, and screen model declares QC release purpose only. Hardware trials remain external.	Keep QC screen; add the required task pages or accessible UI paths over the existing APIs, then one connected production→label→sale test and actual scale/printer/low-spec device UAT.
MEDIUM	FUL-14	Substitution policy and above-cap approval are optional caller assertions on the direct route	M19-FR-01, M18-FR-04 · confirmed_code	Static direct-route inspection; existing engines and picker UI controls do not harden this API boundary.	Load ordered line, attributes, tender and customer preference from stored truth; persist authenticated customer consent or permitted documented contact confirmation; use approval records for above-cap decisions; fail closed when policy facts are missing.
MEDIUM	GT-08	Some E2E labels prove a browser/session boundary rather than the complete user-to-database journey	QG-02, QG-03, MG-04, MG-06 · evidence_scope	Source inspection; no separate runtime reproduction claimed.	Requirement report separately records browser UI, device persistence, cloud effect and staff/device acceptance evidence for the exact SHA.
MEDIUM	GT-10	Two till-session tests depend on the host timezone	QG-03, QG-04 · test_portability	Parent-executed controlled reruns: TZ=UTC 22 passed / 0 failed; TZ=Asia/Kolkata 20 passed / 2 failed, in tests/unit/pos-till-session.test.ts. Recorded JSON and logs are included.	The same till-session suite passes under TZ=UTC and TZ=Asia/Kolkata with explicit expected business-day semantics. Parent observed UTC 22/22 pass and Asia/Kolkata 20 pass/2 fail before a fix.
MEDIUM	PA-05	Organization rename claims success but is silently discarded	M01-FR-01 · confirmed_gap	Executed: orgCreate name Old company name; orgRename=201 Changed company name; orgRead=200 Old company name. Idempotency key omits node.name.	Separate command idempotency from record version: key new edits with request key or full canonical content/version including name; return persisted state and add rename/revert/restart regression.
MEDIUM	PA-09	Generic document issue accepts arbitrary data and nonexistent source record	M31-FR-02 · confirmed_gap	Executed uncommittedDocument=201 with subjectRef:sale-does-not-exist, content Total 999999. This concerns generic cloud documents, not separately implemented POS receipt flow.	Resolve source type/id/version on server, refuse missing/draft records and client financial overrides, allocate/reference source numbers, freeze exact money/Tax/source/template versions, and prove PO/GRN/invoice/statement generation and audited reprint.
MEDIUM	PA-10	Remote/support session registries are not proven to control actual active access	M33-FR-02, M33-FR-03 · evidence_gap	Static repository call-site review only. Existing remote-session/support lifecycle tests prove registry transitions; no real remote connection or support credential exercised by this audit.	Bind session IDs and granted scopes to actual auth/remote channel, enforce active time-bound grant at every permitted request and terminate/revoke channel on expiry; add real session-held-open while revoked test. Do not rebuild registry.
MEDIUM	PA-11	Domain audit chain forks when more than one adapter/API instance writes concurrently	M34-FR-01, SEC-07 · confirmed_gap	Executed two independent auditTrailAdapter instances over the same synthetic event store: verify intact:false with sequence_gap and broken_link. No live DB/concurrent production test.	Serialize seal+append using durable per-tenant DB lock/conditional append and test concurrent instances/restart. Keep one API writer until proven. Also prove business mutation and audit record cannot diverge on append failure.
MEDIUM	PA-13	Commercial platform remains partial; older owner-blocked pricing wording is stale	M36-FR-01, M36-FR-02, M36-FR-03, M36-FR-04 · confirmed_gap	Source confirmed. OA-12 pricing CLOSED 23 Sep: Starter ₹10,000, Standard ₹13,000, Growth ₹15,000 and grants ratified. Do NOT ask for same decision or rebuild billing. Metering/suspension explicitly R8, live provider external.	Correct ledger owner-block wording. Keep R8 scope explicit; when scheduled, bind plan+dunning+metering to effective optional entitlements without blocking core sales, execute tenant closure/revocation/retention, connect branding to actual shells/pack, publish SDK and prove partner sandbox integration.
MEDIUM	PF-15	Broad E2E labels and superseded prose are not full acceptance evidence	M12-FR-01, M12-FR-02, M14-FR-04 · evidence_gap	source/evidence review	Maintain one current acceptance matrix per FR, refer to superseded history by link, separate unit/integration/mock-browser/real-DB/device/UAT columns. Treat device performance and live providers as gates, and code gaps above as buildable work.
MEDIUM	SF-09	The supplier portal's demonstrated flow is read-only; accepted submissions contain no invoice/ASN payload to feed purchasing	M24-FR-01, M24-FR-02, M24-FR-04 · confirmed-code-gap	Source inspection; no separate runtime reproduction claimed.	Add supplier-scoped document submission and buyer review that delegates to existing ASN/invoice services, with document payload preservation and connected acceptance. Complete authenticated partner/API/EDI proof separately.
MEDIUM	SF-10	The general export console covers two domains; all-domain portability and import rollback are not complete	M30-FR-02, M30-FR-04 · confirmed-code-gap	Source inspection; no separate runtime reproduction claimed.	Maintain a domain export coverage register and add adapters for missing transaction/master domains to the existing engine. Add authenticated rollback with compensating target events once SF-06 target application is fixed.
MEDIUM	SF-11	Product master has a durable core but remaining bulk/image/category/UOM acceptance is not certified end to end	M03-FR-01, M03-FR-02, M03-FR-04 · evidence-gap	Source inspection; no separate runtime reproduction claimed.	Build an explicit FR acceptance checklist; prove case→inner→base operational chain using existing conversion. Implement only missing image/bulk/category behavior after evidence inventory.
MEDIUM	SF-12	Physical and staff acceptance still needs evidence after software repairs	M30-FR-01, M09-FR-04, M10-FR-01, M07-FR-01 · external/owner gate	Source inspection; no separate runtime reproduction claimed.	Complete ordered software blockers first; then run named buyer→receiver→back-store→floor→cashier staff acceptance with real hardware and approved controlled data. Owner confirms policy and accepts recorded results.
LOW	GT-09	Some test and gate documentation is stale	QG-01, QG-03 · documentation_drift	Source inspection; no separate runtime reproduction claimed.	One versioned report states exact suite scope, required execution, capability-dependent skips and remaining human gates.